{
  "$schema": "./node_modules/@angular/cli/lib/config/schema.json",
  "project": {
    "name": "ngx-admin-demo"
  },
  "apps": [
    {
      "serviceWorker": true,
      "root": "src",
      "outDir": "../dist",
      "assets": [
        "assets",
        "favicon.ico",
        "favicon.png",
        "firebase-messaging-sw.js",
        "sw.js",
        "manifest.json",
        {
          "glob": "**/*",
          "input": "../node_modules/leaflet/dist/images",
          "output": "./assets/img/markers"
        }
      ],
      "index": "index.html",
      "main": "main.ts",
      "polyfills": "polyfills.ts",
      "test": "test.ts",
      "tsconfig": "tsconfig.app.json",
      "testTsconfig": "tsconfig.spec.json",
      "styles": [
        "../node_modules/bootstrap/dist/css/bootstrap.css",
        "../node_modules/ionicons/scss/ionicons.scss",
        "../node_modules/font-awesome/scss/font-awesome.scss",
        "../node_modules/nebular-icons/scss/nebular-icons.scss",
        "../node_modules/pace-js/templates/pace-theme-flash.tmpl.css",
        "./app/@theme/styles/styles.scss",
        "../node_modules/@angular/material/prebuilt-themes/indigo-pink.css",
        "../node_modules/ngx-lightbox/lightbox.css"
      ],
      "scripts": [
        "../node_modules/pace-js/pace.min.js",
        "../node_modules/jquery/dist/jquery.min.js",
        "../node_modules/chart.js/dist/Chart.bundle.min.js"
      ],
      "environmentSource": "environments/environment.ts",
      "environments": {
        "dev": "environments/environment.ts",
        "prod": "environments/environment.prod.ts"
      }
    }
  ],
  "e2e": {
    "protractor": {
      "config": "./protractor.conf.js"
    }
  },
  "lint": [
    {
      "files": "src/**/*.ts",
      "project": "src/tsconfig.app.json"
    },
    {
      "project": "src/tsconfig.spec.json"
    },
    {
      "project": "e2e/tsconfig.e2e.json"
    }
  ],
  "test": {
    "karma": {
      "config": "./karma.conf.js"
    }
  },
  "defaults": {
    "styleExt": "scss",
    "component": {}
  }
}
